category,orders,revenue,avg_review_score
health_beauty,8647,1417381.7,4.18
watches_gifts,5495,1265552.91,4.06
bed_bath_table,9272,1241696.51,3.9
sports_leisure,7530,1124684.47,4.15
computers_accessories,6530,1041407.87,3.98
furniture_decor,6307,888777.15,3.93
housewares,5743,761055.43,4.1
cool_stuff,3559,693721.94,4.18
auto,3810,671019.97,4.09
garden_tools,3448,568573.01,4.07
toys,3804,547999.08,4.19
baby,2809,467256.91,4.06
perfumery,3086,444426.32,4.21
telephony,4093,379474.9,3.99
office_furniture,1254,336761.47,3.51
stationery,2264,270057.49,4.23
pet_shop,1688,250928.34,4.21
computers,177,228349.76,4.19
musical_instruments,611,202222.98,4.21
electronics,2517,200987.6,4.05
