order_month,revenue,rolling_3mo_avg
2016-09,143.46,143.46
2016-10,46490.66,23317.06
2016-12,19.62,15551.25
2017-01,127482.37,57997.55
2017-02,271239.32,132913.77
2017-03,414330.95,271017.55
2017-04,390812.4,358794.22
2017-05,566851.4,457331.58
2017-06,490050.37,482571.39
2017-07,566299.08,541066.95
2017-08,645832.36,567393.94
2017-09,701077.49,637736.31
2017-10,751117.01,699342.29
2017-11,1153364.2,868519.57
2017-12,843078.29,915853.17
2018-01,1077887.46,1024776.65
2018-02,966168.41,962378.05
2018-03,1120598.24,1054884.7
2018-04,1132878.93,1073215.19
2018-05,1128774.52,1127417.23
2018-06,1011978.29,1091210.58
2018-07,1027807.28,1056186.7
2018-08,985491.64,1008425.74
