customer_state,orders,avg_delivery_days,pct_late,avg_review_score,total_revenue
MA,717,21.6,20.2,3.75,148141.69
AL,397,24.5,24.1,3.8,94475.18
PA,946,23.8,12.3,3.81,212705.86
BA,3256,19.3,13.7,3.84,593873.48
RJ,12350,15.2,13.0,3.85,2063593.64
CE,1279,21.0,15.3,3.86,267267.58
SE,335,21.5,16.3,3.88,70289.13
RR,41,28.2,10.9,3.89,9039.52
PI,476,19.4,15.5,3.95,105259.41
ES,1995,15.7,12.2,3.98,318466.51
MT,886,18.0,6.7,3.99,181579.03
GO,1957,15.4,7.9,4.0,337665.51
PE,1593,18.3,10.1,4.0,310464.23
PB,517,20.6,11.2,4.03,137953.28
SC,3546,15.0,9.6,4.03,597067.83
DF,2080,13.0,7.5,4.04,348601.41
MS,701,15.5,10.8,4.07,136005.96
RO,243,19.7,4.0,4.08,56966.0
AM,145,26.4,4.3,4.09,27668.61
RS,5344,15.2,6.9,4.09,865783.6
RN,474,19.3,10.3,4.1,100833.26
MG,11354,12.0,5.4,4.11,1826486.53
AC,80,20.7,3.3,4.13,19575.33
PR,4923,12.0,4.8,4.13,785095.06
SP,40494,8.7,5.7,4.16,5798725.42
TO,274,17.4,12.3,4.16,60007.37
AP,67,28.2,4.9,4.25,16141.81
